공동주택명,주소,세대수,구
현대아파트,대전광역시 동구 계족로443번길 24(용전동),48,동구
용전서민아파트,대전광역시 동구 계족로 485-35(용전동),112,동구
삼성아파트A동,대전광역시 동구 선화로 183(삼성동),45,동구
삼성아파트B동,대전광역시 동구 대전천동로 612(삼성동),40,동구
가양글로벌아파트,대전광역시 동구 동서대로1778번길 122(가양동),40,동구
빌라맨션,대전광역시 동구 대전천동로 618(삼성동),120,동구
백조아파트,대전광역시 동구 흥룡로71번길 109(가양동),32,동구
대동연립,대전광역시 동구 동대전로104번길 29 / 29-1 (대동),43,동구
가양시장아파트,대전광역시 동구 매봉로 18(가양동) ,48,동구
한산아파트,대전광역시 동구 흥룡로 40(가양동),45,동구
장미아파트,대전광역시 동구 홍도로46번길 72-14(용전동),6,동구
예지아파트,대전광역시 동구 비래서로42번길 69(가양동),60,동구
"시영아파트1,2동",대전광역시 동구 대전로1002번길 24-4(홍도동),100,동구
한밭맨션,대전광역시 동구 대전로867번길 51(삼성동),40,동구
시영아파트3동,대전광역시 동구 대전로1002번길 24-6(홍도동),40,동구
수정아파트,대전광역시 동구 비래서로62번길 57(가양동),110,동구
신진크로바맨션,대전광역시 동구 계족로 443(용전동),105,동구
무궁화아파트,대전광역시 동구 백룡로 50(자양동),115,동구
대청아파트,대전광역시 동구 대전로906번길 86-1(삼성동),90,동구
평화맨션,대전광역시 동구 계족로382번길 125(가양동),60,동구
한밭빌라,대전광역시 동구 흥룡로71번길 115(가양동),25,동구
흥룡연립,대전광역시 동구 우암로291번길 40(가양동),25,동구
한성잉꼬아파트,대전광역시 동구 동대전로321번길 9(가양동),79,동구
안전로얄아파트,대전광역시 동구 가양로68번길 17(가양동),55,동구
경성3차아파트 (경성아파트 가동),대전광역시 동구 동산초교로10번길 20(홍도동),38,동구
평화맨션,대전광역시 동구 백룡로21번길 53(자양동),30,동구
임광하이츠1동,대전광역시 동구 동서대로1778번길 48(가양동),64,동구
경원빌라,대전광역시 동구 가양로56번길 37(가양동),19,동구
삼창아파트,대전광역시 동구 성동로7번길 58-10(자양동),75,동구
옥수아파트,대전광역시 동구 우암로296번길 39(가양동),41,동구
평화아파트,대전광역시 동구 동대전로256번길 74(가양동),55,동구
임광아파트,대전광역시 동구 성동로7번길 58-11(자양동),87,동구
유락주택,대전광역시 동구 동대전로256번길 121(가양동),16,동구
유성아파트3동,대전광역시 동구 대전로470번길 18-6(가오동),19,동구
조일아파트,대전광역시 동구 충정로 5(가양동),110,동구
부성아파트,대전광역시 동구 비래서로62번길 75(가양동),96,동구
신진프라자아파트,대전광역시 동구 옛신탄진로75번길 29(홍도동),18,동구
"임광하이츠2동,3동",대전광역시 동구 동서대로1778번길 78 / 79(가양동),147,동구
임광하이츠4동,대전광역시 동구 흥룡로65번길 46(가양동),89,동구
평화아파트,대전광역시 동구 비래서로62번길 5(가양동),129,동구
개나리아파트,대전광역시 동구 동대전로110번길 141(대동),38,동구
진달래아파트,대전광역시 동구 동대전로110번길 139(대동),38,동구
정원아파트,대전광역시 동구 용운로 124-4(용운동),89,동구
방주아파트,대전광역시 동구 동구청로204번길 46(판암동),133,동구
모리아파트,대전광역시 동구 동부로85번길 12(용운동),48,동구
홍익아파트,대전광역시 동구 대전로 529(천동),102,동구
대동탑스빌,대전광역시 동구 대동천우안4길 14(대동),13,동구
(부성)한울아파트,대전광역시 동구 동서대로1770번길 76(가양동),110,동구
듀오빌아파트,대전광역시 동구 대전천동로 478(인동),125,동구
와이즈빌,대전광역시 동구 합내로 27(가양동),18,동구
구룡아트빌,대전광역시 동구 대흥로202번길 21-4(인동),12,동구
맑은미소아파트,대전광역시 동구 대전로 872(삼성동),112,동구
평화로운아파트,대전광역시 동구 홍도로39번길 25(홍도동),48,동구
뜰안채주상복합,대전광역시 동구 대전로 758(원동),69,동구
해맞이아파트,대전광역시 동구 흥룡로36번길 20(가양동),30,동구
판암동참좋은아파트,대전광역시 동구 옥천로180번길 67(판암동),54,동구
동부힐스퀘어,대전광역시 동구 계족로392번길 87(성남동),51,동구
두둥실아파트,대전광역시 동구 은어송로 59(가오동),96,동구
에스테반,대전광역시 동구 동서대로 1712(가양동),53,동구
구룡시티빌,대전광역시 동구 대흥로202번길 26(인동),19,동구
로하스빌,대전광역시 동구 송촌남로19번길 9(용전동),50,동구
드림팰리스1차,대전광역시 동구 동대전로263번길 68(가양동),27,동구
대호아파트,대전광역시 동구 충정로 83(가양동),16,동구
트윈스아파트8차,대전광역시 동구 동대전로248번길 90(가양동),18,동구
드림팰리스2차,대전광역시 동구 동대전로263번길 72(가양동),27,동구
대호아파트,대전광역시 동구 대전로 389-11(가오동),28,동구
예오름아파트,대전광역시 동구 은어송로51번길 71(가오동),16,동구
성남동누리보듬아파트,대전광역시 동구 우암로123번길 27(성남동),99,동구
드림팰리스3차,대전광역시 동구 가양로80번길 23(가양동),21,동구
트윈스아파트9차,대전광역시 동구 동서대로1748번길 75(가양동),19,동구
세움빌,대전광역시 동구 동서대로 1669-12(용전동),24,동구
대호아파트,대전광역시 동구 대흥로202번길 16(인동),21,동구
서미가아파트,대전광역시 동구 대전로 332(대성동),22,동구
담소루아파트,대전광역시 동구 대흥로202번길 13(인동),26,동구
드림팰리스5차,대전광역시 동구 가양로 154(가양동),90,동구
올인하우징 2동,대전광역시 동구 선화로192번길 41(중동),7,동구
올인하우징 1동,대전광역시 동구 선화로192번길 39(중동),7,동구
반석시티,대전광역시 동구 대전로807번길 58 (중동),40,동구
수 팰리스,대전광역시 동구 은어송로 51번길 16-20(가오동),45,동구
트윈스아파트11차,대전광역시 동구 동대전로 300 (가양동),29,동구
힐링타운,대전광역시 동구 달기장1길 9 (판암동),55,동구
이한트레비엥 아파트,대전광역시 동구 동서대로 1683번길 50-8,20,동구
e편한세상 대전에코포레아파트,대전광역시 동구 용운로 203(용운동),2267,동구
가오 주공아파트,대전광역시 동구 대전로448번길 11(가오동),460,동구
경성맨션아파트,대전광역시 동구 동산초교로23번길 15(홍도동),152,동구
남대전e-편한세상,대전광역시 동구 산내로 1330(낭월동),713,동구
낭월오투그란데,대전광역시 동구 산내로 1375(낭월동),877,동구
대성삼익세라믹,대전광역시 동구 대전로340번길 20(대성동),633,동구
대주파크빌아파트,대전광역시 동구 충정로 136(가양동),670,동구
마젤란21,대전광역시 동구 대학로 102-7(용운동),210,동구
삼성타운2단지,대전광역시 동구 우암로 133-1(삼성동),186,동구
삼정그린코아포레스트1단지아파트,대전광역시 동구 동부로10번길 55(판암동),1245,동구
삼정그린코아포레스트2단지아파트,대전광역시 동구 새울로 19(판암동),320,동구
새들뫼휴먼시아1단지아파트,대전광역시 동구 계족로 137(대동),897,동구
새피앙,대전광역시 동구 홍도로46번길 20(용전동),285,동구
석촌마을아파트,대전광역시 동구 우암로 186(성남동),451,동구
솔랑마을,대전광역시 동구 대전로 968(삼성동),253,동구
스마트뷰,대전광역시 동구 성남로 15(성남동),1115,동구
신동아,대전광역시 동구 한밭대로1237번길 52(용전동),914,동구
신한미리내,대전광역시 동구 동구청로203번길 35(판암동),276,동구
신흥마을주공아파트,대전광역시 동구 옥천로 38(신흥동),721,동구
아침마을,대전광역시 동구 우암로 192(가양동),1025,동구
어진마을,대전광역시 동구 계족로 65(인동),813,동구
용방마을,대전광역시 동구 용운로 80(용운동),1350,동구
용운 삼정하이츠,대전광역시 동구 동부로73번길 95(용운동),360,동구
용운2고층 주공아파트,대전광역시 동구 백룡로 138(용운동),840,동구
용운한화꿈에그린아파트,대전광역시 동구 대학로50번길 53(용운동),641,동구
용전 한숲,대전광역시 동구 계족로489번길 73(용전동),1036,동구
용전푸른,대전광역시 동구 계족로512번길 96(용전동),298,동구
용전한울아파트,대전광역시 동구 계족로450번길 52(용전동),177,동구
위드힐,대전광역시 동구 대전로542번길 121(천동),960,동구
은어송 코오롱하늘채2차아파트,대전광역시 동구 대전로340번길 15(대성동),408,동구
은어송마을1단지,대전광역시 동구 동구청로 67(가오동),664,동구
은어송마을2단지아파트,대전광역시 동구 동구청로 35(대성동),1241,동구
은어송마을3단지,대전광역시 동구 은어송로 117(가오동),696,동구
은어송마을5단지 우미린아파트,대전광역시 동구 은어송로 100(가오동),653,동구
은어송마을6단지,대전광역시 동구 신기로 100(가오동),451,동구
이스트시티1단지,대전광역시 동구 동대전로46번길 30(대동),1345,동구
이스트시티2단지,대전광역시 동구 동대전로46번길 120(신흥동),636,동구
인동모닝빌아파트,대전광역시 동구 대전천동로 458(인동),162,동구
인동한울,대전광역시 동구 대흥로206번길 54(인동),225,동구
인동현대아파트,대전광역시 동구 대전로 664(인동),728,동구
자양동아아파트,대전광역시 동구 성동로 74(자양동),590,동구
천동휴먼시아2단지,대전광역시 동구 대전로542번길 78-1(천동),763,동구
청룡아파트,대전광역시 동구 동산초교로22번길 17(홍도동),425,동구
"큰솔1,2차아파트",대전광역시 동구 계족로512번길 52(용전동),382,동구
큰솔3차,대전광역시 동구 충정로18번길 60(가양동),259,동구
큰솔5차아파트,대전광역시 동구 동서대로1572번길 165(성남동),152,동구
파밀리에 (1~4단지),대전광역시 동구 동산초교로 46(홍도동),679,동구
판암주공1차2차,대전광역시 동구 옥천로180번길 47-2(판암동),2146,동구
판암주공5,대전광역시 동구 동부로 73(판암동),1436,동구
판암주공6,대전광역시 동구 동부로 55-58(판암동),720,동구
펜타뷰아파트,대전광역시 동구 계족로140번길 33(대동),767,동구
한밭자이아파트,대전광역시 동구 대전로 935(삼성동),1063,동구
현암아파트,대전광역시 동구 대전로994번길 75(홍도동),207,동구
홍도,대전광역시 동구 동서대로 1579(홍도동),571,동구
효동현대,대전광역시 동구 대전로 646(효동),1056,동구
효촌마을아파트,대전광역시 동구 계족로368번길 11(성남동),818,동구
신흥 SK뷰아파트,대전광역시 동구 충무로 255 (신흥동),1588,동구
하이플러스,대전광역시 동구 동서대로 1754번길 60,430,동구
갤러리 휴리움,대전광역시 동구 한남로 67번길 193,419,동구
리더스시티4단지,대전광역시 동구 안샘로 11 (천동),1328,동구
은어송하늘채리버뷰,대전광역시 동구 대전로 357 (대성동),934,동구
힐스테이트가양더와이즈,대전광역시 동구 동서대로 1722 (가양동),358,동구
대라수어썸브릿지1.2단지,대전광역시 동구 삼성시장2길 28 (삼성동),282,동구
리더스시티5단지,대전광역시 동구 안샘로 14번길 7 (천동),2135,동구
대전산내 (주공),대전광역시 동구 산내로 1352-25(낭월동),624,동구
대전삼성1(삼성타운1) (주공),대전광역시 동구 우암로 133(삼성동),427,동구
대전판암3 (주공),대전광역시 동구 옥천로 152-9(판암동),768,동구
대전판암4 (주공),대전광역시 동구 동부로 56-7(판암동),2384,동구
새들뫼휴먼시아2단지,대전광역시 동구 계족로 135(대동),375,동구
석천들주공아파트 (주공),대전광역시 동구 산내로1257번길 40(낭월동),1072,동구
은어송마을4단지,대전광역시 동구 은어송로 116(가오동),307,동구
인동누리보듬아파트 (도시공사),대전광역시 동구 계족로51번길 38(인동),244,동구
인동참좋은,대전광역시 동구 대전로 706(인동),280,동구
천동휴먼시아1단지 (주공),대전광역시 동구 대전로542번길 78(천동),946,동구
성신연립,대전광역시 서구 배재로91번길 8,30,서구
삼성연립,대전광역시 서구 도마9길 23,24,서구
금강연립,대전광역시 서구 도마4길 37,24,서구
초원연립,대전광역시 서구 도산로 164,36,서구
대중,대전광역시 서구 갈마로212번길 29,30,서구
우진연립,대전광역시 서구 도솔로 366,24,서구
신진상가아파트,대전광역시 서구 도솔로305번길 23,44,서구
대성연립,대전광역시 서구 아랫강변4길 66,38,서구
대건연립,대전광역시 서구 용화4길 52,50,서구
무지개연립,대전광역시 서구 도산로370번길 11,103,서구
내동빌라,대전광역시 서구 도솔로267번길 37,22,서구
대림연립,대전광역시 서구 용화6길 21,36,서구
청운연립,대전광역시 서구 도산로452번길 25,48,서구
장미연립,대전광역시 서구 계룡로636번길 42,76,서구
신성,대전광역시 서구 동서대로1014번길 26,220,서구
협신맨션,대전광역시 서구 괴정로149번길 38,48,서구
경남1단지,대전광역시 서구 배재로 134,280,서구
대림연립,대전광역시 서구 유등로 323,87,서구
새한(1차),대전광역시 서구 중반9길 23,104,서구
럭키,대전광역시 서구 배재로91번길 21,298,서구
계룡,대전광역시 서구 가수원로 98,780,서구
삼정하이츠,대전광역시 서구 도마로37번길 36,210,서구
삼원,대전광역시 서구 배재로54번길 17,50,서구
한양연립(갈마빌라),대전광역시 서구 계룡로326번길 32,48,서구
새한(2차),대전광역시 서구 중반5길 119,39,서구
정림,대전광역시 서구 정림서로 203-9,98,서구
삼창,대전광역시 서구 용화6길 20,49,서구
복음하이츠,대전광역시 서구 도마4길 10,29,서구
삼창맨션,대전광역시 서구 도마17길 86,58,서구
영풍빌라,대전광역시 서구 신갈마로211번안길 104,54,서구
복음맨션,대전광역시 서구 도마로7번길 64,50,서구
동산,대전광역시 서구 갈마중로7번길 42,700,서구
한진,대전광역시 서구 용문로 118,130,서구
서우1단지,대전광역시 서구 동서대로 976,217,서구
복음맨션,대전광역시 서구 배재로186번길 9,49,서구
한밭,대전광역시 서구 계룡로662번길 46-2,30,서구
복음,대전광역시 서구 괴정로165번길 20-62,59,서구
복음,대전광역시 서구 계룡로320번길 118,83,서구
은아1단지,대전광역시 서구 가수원로 72,754,서구
도로공사,대전광역시 서구 갈마중로16번길 7,142,서구
은아2단지,대전광역시 서구 계백로1158번길 113,378,서구
삼창,대전광역시 서구 가장로 162,78,서구
서우2단지,대전광역시 서구 동서대로 994,270,서구
코오롱,대전광역시 서구 동서대로 967 ,730,서구
송원,대전광역시 서구 도솔로319번길 31,60,서구
복수계룡,대전광역시 서구 복수서로 10,648,서구
경남2단지,대전광역시 서구 배재로 155-7,1475,서구
은아3단지,대전광역시 서구 가수원로 106,408,서구
서우3단지,대전광역시 서구 배재로 271,72,서구
쌍용,대전광역시 서구 갈마로103번길 36,280,서구
은아5단지,대전광역시 서구 가수원로 6,720,서구
복음로얄,대전광역시 서구 배재로 117,150,서구
보라(1단지),대전광역시 서구 둔산로 241,870,서구
보라(2단지),대전광역시 서구 둔산로 241,630,서구
청솔,대전광역시 서구 둔산로 223,980,서구
한신,대전광역시 서구 계룡로536번길 9,542,서구
가람,대전광역시 서구 둔산북로 215,1260,서구
한가람,대전광역시 서구 문예로 16,1380,서구
국화동성,대전광역시 서구 둔산로 201,672,서구
양지,대전광역시 서구 배재로91번길 38-22,432,서구
공작,대전광역시 서구 문정로 131,1074,서구
국화신동아,대전광역시 서구 둔산로 201,666,서구
국화우성,대전광역시 서구 둔산로 201,562,서구
국화라이프,대전광역시 서구 둔산로 201,560,서구
국화한신,대전광역시 서구 둔산로 201,450,서구
삼정하이츠,대전광역시 서구 도마로 60,72,서구
백목련,대전광역시 서구 정림서로138번길 21,499,서구
용문동서우,대전광역시 서구 도산로370번길 55,295,서구
삼정하이츠,대전광역시 서구 정림서로 114,480,서구
대아,대전광역시 서구 배재로 185,462,서구
크로바,대전광역시 서구 둔산로 155,1632,서구
한마루럭키,대전광역시 서구 둔산북로 160,700,서구
한마루삼성,대전광역시 서구 둔산북로 160,700,서구
월평주공2단지,대전광역시 서구 월평북로 11,1130,서구
목련,대전광역시 서구 둔산남로 127,1166,서구
수정타운,대전광역시 서구 청사로 282,2010,서구
햇님,대전광역시 서구 둔산북로 175,660,서구
월평주공1단지,대전광역시 서구 월평북로 11,1491,서구
월평주공3단지,대전광역시 서구 월평북로 11,1403,서구
하나로,대전광역시 서구 청사로 5,1350,서구
우성,대전광역시 서구 정림로 55,1980,서구
백합,대전광역시 서구 청사서로 41,622,서구
목화(1차),대전광역시 서구 복수서로 50,948,서구
샛별,대전광역시 서구 청사서로 29,450,서구
다모아,대전광역시 서구 월평동로 83,1260,서구
황실타운,대전광역시 서구 청사로 65,1950,서구
월평타운,대전광역시 서구 계룡로264번길 4,469,서구
은초롱,대전광역시 서구 청사로 269,120,서구
꿈나무,대전광역시 서구 청사로 253,540,서구
둥지,대전광역시 서구 청사로 254,1230,서구
전원,대전광역시 서구 월평중로 50,360,서구
롯데,대전광역시 서구 신갈마로 46,1632,서구
갈마,대전광역시 서구 신갈마로 102,1980,서구
무지개,대전광역시 서구 청사서로 11,600,서구
누리,대전광역시 서구 청사로 70,1704,서구
한아름,대전광역시 서구 청사서로 65,780,서구
개나리,대전광역시 서구 문정로10번길 39,366,서구
한우리,대전광역시 서구 문정로90번길 60,598,서구
무궁화,대전광역시 서구 청사서로 70,630,서구
녹원,대전광역시 서구 둔산남로 30,1200,서구
은하수,대전광역시 서구 둔산남로 15,816,서구
향촌,대전광역시 서구 둔산로 15,1650,서구
상아,대전광역시 서구 대덕대로 415,720,서구
진달래,대전광역시 서구 월평동로 45,1080,서구
초원,대전광역시 서구 만년로 45,1230,서구
상록수,대전광역시 서구 만년남로 8,1161,서구
파랑새,대전광역시 서구 둔지로 75,406,서구
큰마을,대전광역시 서구 대덕대로 150,2910,서구
늘푸른,대전광역시 서구 정림로 11,720,서구
산호,대전광역시 서구 계룡로571번길 65,654,서구
강변,대전광역시 서구 만년로 25,788,서구
강변들보람,대전광역시 서구 정림서로 162-18,510,서구
강변들백조,대전광역시 서구 정림서로 206,202,서구
다솜,대전광역시 서구 도솔로519번길 42,40,서구
원앙마을1단지,대전광역시 서구 관저북로 87,660,서구
원앙마을2단지,대전광역시 서구 관저북로 80,1734,서구
원앙마을4-1단지,대전광역시 서구 관저북로 14,1023,서구
원앙마을4-2단지,대전광역시 서구 관저북로 14,863,서구
청솔연립,대전광역시 서구 계룡로342번길 169,24,서구
효성타운,대전광역시 서구 도산로 11,746,서구
목화(2차),대전광역시 서구 복수북로 42,478,서구
푸른,대전광역시 서구 갈마로117번길 23,307,서구
샘머리1단지,대전광역시 서구 문예로 174,1350,서구
샘머리2단지,대전광역시 서구 청사로 281,2200,서구
대자연마을,대전광역시 서구 관저북로 52,1251,서구
구봉마을7단지,대전광역시 서구 관저로 48,1188,서구
구봉마을8-1단지,대전광역시 서구 관저로 84,1563,서구
구봉마을8-2단지,대전광역시 서구 관저로 84,624,서구
정든,대전광역시 서구 정림로66번길 30,138,서구
신선마을,대전광역시 서구 관저로 83,940,서구
구봉마을9단지,대전광역시 서구 관저서로 20,1030,서구
구봉마을5단지,대전광역시 서구 관저로 51,1000,서구
한마음,대전광역시 서구 괴정로 203,454,서구
남산탑스빌,대전광역시 서구 도산로253번길 75,251,서구
인터빌,대전광역시 서구 신갈마로 58-17,126,서구
나이스타운,대전광역시 서구 대덕대로168번길 44,90,서구
오벨리스크,대전광역시 서구 대덕대로168번길 18,77,서구
KT 빌리지,대전광역시 서구 갈마로 160,100,서구
베누스타운,대전광역시 서구 대덕대로168번길 90,80,서구
이노빌,대전광역시 서구 대덕대로175번길 46,144,서구
하이스트빌,대전광역시 서구 갈마역로 14,136,서구
래미안,대전광역시 서구 가장로 106,2398,서구
천  일월드빌,대전광역시 서구 유등로 343,210,서구
나이스빌,대전광역시 서구 대덕대로167번길 47,50,서구
느리울13단지,대전광역시 서구 관저동로 42,880,서구
느리울12단지,대전광역시 서구 관저로 184,750,서구
포스빌,대전광역시 서구 대덕대로167번길 53,63,서구
비너스빌,대전광역시 서구 대덕대로167번길 23,78,서구
스카이빌리지,대전광역시 서구 갈마역로 16,129,서구
힐스타운,대전광역시 서구 대덕대로175번길 40,81,서구
갤러리빌,대전광역시 서구 둔지로 46,71,서구
나이스진,대전광역시 서구 대덕대로175번길 50,94,서구
탑스빌,대전광역시 서구 문정로2번길 113,136,서구
스위트빌1,대전광역시 서구 갈마역로 22,155,서구
갤러리타운,대전광역시 서구 둔지로 19,59,서구
위너스빌1,대전광역시 서구 대덕대로168번길 50,39,서구
타임빌,대전광역시 서구 둔지로 40,63,서구
변동 동건,대전광역시 서구 도마로57번길 38,153,서구
시티빌2,대전광역시 서구 문정로2번길 25,86,서구
주안에쉐르,대전광역시 서구 계룡로509번길 6,100,서구
위너스빌2,대전광역시 서구 대덕대로168번길 22,42,서구
시티빌,대전광역시 서구 계룡로509번길 7,155,서구
스위트빌2,대전광역시 서구 문정로2번길 33,280,서구
시티빌5,대전광역시 서구 문정로2번길 123,80,서구
맑은아침,대전광역시 서구 갈마로 262,2199,서구
느리울11단지,대전광역시 서구 관저동로90번길 47,940,서구
메르하우젠,대전광역시 서구 대덕대로175번길 60,258,서구
네스트빌,대전광역시 서구 탄방로 12,38,서구
메이저타운,대전광역시 서구 문정로40번길 64,70,서구
초록마을3단지(천일),대전광역시 서구 복수동로 39-26,240,서구
둔산갤러리빌(4차),대전광역시 서구 계룡로491번길 8,180,서구
시티빌4,대전광역시 서구 문정로2번길 109,56,서구
리체스,대전광역시 서구 갈마역로 10,36,서구
리쥬파크,대전광역시 서구 대덕대로167번길 29,43,서구
초록마을2단지(현진),대전광역시 서구 복수동로 21-20,708,서구
위즈,대전광역시 서구 계룡로583번길 55,94,서구
미소마을,대전광역시 서구 신갈마로 66-17,128,서구
초록마을5단지(중훙),대전광역시 서구 유등로17번길 109,761,서구
갤러리빌-럭스,대전광역시 서구 한밭대로 701,82,서구
시티빌3,대전광역시 서구 문정로2번길 51,290,서구
관저리슈빌,대전광역시 서구 관저동로90번길 15,748,서구
초록마을1단지(금성),대전광역시 서구 복수동로 21-19,463,서구
써머스빌,대전광역시 서구 계백로 1426,78,서구
초록마을3단지(계룡),대전광역시 서구 복수동로51번길 43,346,서구
드림빌,대전광역시 서구 대덕대로168번길 70,26,서구
아트리움,대전광역시 서구 대덕대로167번길 15,60,서구
더리치빌,대전광역시 서구 동서대로1021번길 54,61,서구
아이누리,대전광역시 서구 계룡로686번길 17,239,서구
미드림,대전광역시 서구 탄방로 10,48,서구
웰리움,대전광역시 서구 대덕대로168번길 82,60,서구
오량마을마루미,대전광역시 서구 복수중로 30,574,서구
젠트리움,대전광역시 서구 계룡로583번길 49,50,서구
리가,대전광역시 서구 계룡로583번길 12,101,서구
모닝빌,대전광역시 서구 도마로 59,140,서구
아이누리주상복합,대전광역시 서구 용문로 41-52,171,서구
동기포에버,대전광역시 서구 도마로57번길 42,246,서구
신영미소랑,대전광역시 서구 용문로 61,110,서구
수목토,대전광역시 서구 도안동로 177,1253,서구
갤러리빌7차,대전광역시 서구 둔지로 52,80,서구
갤러리빌(4차),대전광역시 서구 도솔로411번길 40,78,서구
포도힐,대전광역시 서구 도마로63번길 11,99,서구
둔산플러스,대전광역시 서구 대덕대로185번길 60,40,서구
플로채,대전광역시 서구 둔지로 38,99,서구
한라비발디(구 파렌하이트),대전광역시 서구 도안북로 136,885,서구
좋은하루1차,대전광역시 서구 대덕대로167번길 43,118,서구
대미임대,대전광역시 서구 정림동로30번길 45,97,서구
원스탑,대전광역시 서구 문정로90번길 67,52,서구
레자미(2),대전광역시 서구 둔지로 54,120,서구
아이스테이하우스,대전광역시 서구 계룡로636번길 22,78,서구
포도힐2,대전광역시 서구 도산로167번길 9,35,서구
대미임대2차,대전광역시 서구 계백로1300번길 72,49,서구
나이스타운,대전광역시 서구 계룡로636번길 32,73,서구
럭시드,대전광역시 서구 문정로90번길 51,108,서구
금성백조예미지,대전광역시 서구 도안북로 125,645,서구
정림동 도시형생활주택,대전광역시 서구 정림로24번길 51,56,서구
좋은하루2차,대전광역시 서구 대덕대로167번길 37,153,서구
월평 다우,대전광역시 서구 한밭대로570번길 29-4,138,서구
변동 금한,대전광역시 서구 도마로57번길 16,125,서구
갤러리빌9차,대전광역시 서구 한밭대로570번길 33,153,서구
포도힐3,대전광역시 서구 도마로63번길 38,99,서구
아이파크,대전광역시 서구 도안동로 183,1053,서구
호반베르디움,대전광역시 서구 원도안로 100,957,서구
오딧세이(나이스타운),대전광역시 서구 갈마로245번길 3,36,서구
용문동 592-18,대전광역시 서구 용문로 69,85,서구
모아드림,대전광역시 서구 가수원로 83,168,서구
도안리슈빌,대전광역시 서구 도안동로 123,1236,서구
린풀하우스,대전광역시 서구 도안동로 77,1691,서구
시티팰리스,대전광역시 서구 계룡로394번길 50,64,서구
포도힐 6차,대전광역시 서구 도산로 161,154,서구
정미경,대전광역시 서구 정림서로 195,21,서구
시티팰리스2차,대전광역시 서구 갈마로 23,72,서구
천년나무1단지,대전광역시 서구 구봉산북로 212,1106,서구
효성해링턴플레이스,대전광역시 서구 관저동로 12,460,서구
정림동 평화아파트,대전광역시 서구 구봉로 451,71,서구
중흥S클래스 프라디움,대전광역시 서구 관저남로12번길 12,228,서구
도솔타운,대전광역시 서구 계백로1307번길 22-43,28,서구
㈜대상,대전광역시 서구 도마10길 17,24,서구
에코빌,대전광역시 서구 문정로90번길 77,48,서구
다온숲,대전광역시 서구 구봉산북로 165,1401,서구
시티팰리스,대전광역시 서구 만년로68번길 58,99,서구
리마라이프,대전광역시 서구 대덕대로175번길 30,80,서구
시티팰리스,대전광역시 서구 만년로68번길 62,99,서구
더하임,대전광역시 서구 대덕대로185번길 62,98,서구
아이브,대전광역시 서구 갈마역로 6,70,서구
더펠리스,대전광역시 서구 대덕대로195번길 63,80,서구
관저어반힐스,대전광역시 서구 관저남로 80,819,서구
시티팰리스 7차,대전광역시 서구 둔산서로 33,108,서구
천년나무행복1단지,대전광역시 서구 계백로 1111,182,서구
관저 예미지,대전광역시 서구 관저중로 33,994,서구
휴안 도시형생활주택,대전광역시 서구 도마로63번길 76,44,서구
더퍼스트주상복합아파트,대전광역시 서구 문정로2번길 127,80,서구
민송빌라트,대전광역시 서구 도마로63번길 12,29,서구
라임해피트리1차,대전광역시 서구 계룡로620번길 29,57,서구
관저더샵,대전광역시 서구 관저서로 19,954,서구
센터포레,대전광역시 서구 대전 서구 도솔로279번길 29,20,서구
평화로운나날,대전광역시 서구 괴정로 123,60,서구
휴리움,대전광역시 서구 신갈마로 186,301,서구
수팰리스,대전광역시 서구 탄방로 26,66,서구
유진쉐르빌,대전광역시 서구 도솔5길 96,24,서구
빅토리아빌,대전광역시 서구 계룡로264번길 61,82,서구
관저더샵2차,대전광역시 서구 구봉산북로 52,954,서구
현대에코타운,대전광역시 서구 도산로452번길 17,28,서구
티하우스,대전광역시 서구 대전 서구 도솔로245번길 57,43,서구
프라임시티,대전광역시 서구 대덕대로195번길 58,187,서구
다온채,대전광역시 서구 문정로 26,45,서구
복수센트럴자이,대전광역시 서구 대전 서구 복수서로 15,1102,서구
나이스팰리스,대전광역시 서구 도솔로388번길 52,204,서구
시티팰리스8차,대전광역시 서구 신갈마로 176,156,서구
어번던스힐,대전광역시 서구 변동중로 36,46,서구
디안더블레스,대전광역시 서구 갈마로 39,187,서구
에코리움,대전광역시 서구 계룡로264번길 28-38,49,서구
e편한세상 1단지,대전광역시 서구 계룡로615번길 69,348,서구
e편한세상 2단지,대전광역시 서구 계룡로615번길 82,428,서구
안상스위트홈,대전광역시 서구 대신4길 5,112,서구
그레이스K2차,대전광역시 서구 둔산대로117번길 82,68,서구
토르,대전광역시 서구 괴정로22번길 20,28,서구
더빅토리아,대전광역시 서구 계룡로264번길 89,22,서구
트리풀시티레이크포레,대전광역시 서구 도안동로 234,1762,서구
용문동 도시형생활주택,대전광역시 서구 도산로341번길 30,29,서구
BL 캐슬,대전광역시 서구 갈마로219번길 29,36,서구
행복한 가,대전광역시 서구 갈마로219번길 25,36,서구
그레이스 K5,대전광역시 서구 만년로68번길 52,78,서구
씨티캐슬,대전광역시 서구 갈마로 180,26,서구
도마e편한세상포레나,대전광역시 서구 도산로8,1881,서구
씨티캐슬,대전광역시 서구 용문로94,20,서구
리체스트,대전광역시 서구 계룡로 632,88,서구
LH임대주택,대전광역시 서구 계룡로636번길 14-7,128,서구
호반써밋그랜드센트럴,대전광역시 서구 도산로 79,1558,서구
둔산더샵엘리프1단지,대전광역시 서구 탄방로 132,997,서구
둔산더샵엘리프2단지,대전광역시 서구 탄방로 131,1272,서구
둔산더샵엘리프3단지,대전광역시 서구 탄방로 131,494,서구
씨엘리오스위첸,대전광역시 서구 도산로 361,146,서구
둔산자이아이파크,대전광역시 서구 계룡로 520,1974,서구
원자력연료사원아파트 ,대전광역시 유성구 대덕대로577번길 51(도룡동한전원전사택),81,유성구
우성아파트 ,대전광역시 유성구 문지로 22(도룡동우성아파트),55,유성구
연구원 현대아파트 ,대전광역시 유성구 대덕대로541번길 68(도룡동대덕연구원현대아파트),150,유성구
과기원교수아파트 ,대전광역시 유성구 문지로 14(도룡동카이스트교수아파트),76,유성구
삼정하이츠아파트,대전광역시 유성구 유성대로668번길 29(구암동삼정하이츠),150,유성구
한울아파트 ,대전광역시 유성구 가정로 43(신성동한울아파트),814,유성구
한빛아파트 ,대전광역시 유성구 어은로 57(어은동한빛아파트),3144,유성구
럭키하나아파트 ,대전광역시 유성구 가정로 63(신성동럭키하나아파트),720,유성구
대림두레아파트 ,대전광역시 유성구 가정로 65(신성동대림두레아파트),840,유성구
우성햇살아파트 ,대전광역시 유성구 계룡로60번길 86(구암동우성햇살아파트),136,유성구
삼성푸른아파트 ,대전광역시 유성구 전민로 71(전민동삼성푸른아파트),672,유성구
광선연립,대전광역시 유성구 유성대로741번길 13(장대동광신주택),80,유성구
엑스포아파트 ,대전광역시 유성구 엑스포로 448(전민동엑스포아파트),3958,유성구
송강마을1단지아파트 ,대전광역시 유성구 봉산로 45(송강동송강마을1단지),660,유성구
세종아파트 ,대전광역시 유성구 유성대로 1741(전민동세종아파트),980,유성구
송강마을2단지아파트 ,대전광역시 유성구 봉산로 39(송강동송강마을2단지),675,유성구
나래아파트 ,대전광역시 유성구 엑스포로 501(전민동나래아파트),894,유성구
카이스트학생기숙사아파트 ,대전광역시 유성구 농대로 41(궁동카이스트기숙사),110,유성구
다솔아파트 ,대전광역시 유성구 궁동로 5(궁동다솔),172,유성구
삼정초롱마을아파트 ,대전광역시 유성구 월드컵대로253번길 37(구암동초롱마을아파트),205,유성구
한솔아파트 ,대전광역시 유성구 송강로 15(송강동),744,유성구
(송강)청솔아파트 ,대전광역시 유성구 송강로42번길 61(송강동),1966,유성구
진잠타운 ,대전광역시 유성구 진잠로42번길 88(원내동진잠타운아파트),1320,유성구
LG연구소사원아파트 ,대전광역시 유성구 대덕대로603번길 20(도룡동엘지화학사원아파트),308,유성구
신원연립 ,대전광역시 유성구 계룡로32번길 41(구암동신원),30,유성구
송강그린아파트 ,대전광역시 유성구 구즉로 25(송강동송강마을그린3단지),1830,유성구
샘물타운 ,대전광역시 유성구 원내로 52(원내동샘물타운아파트),784,유성구
유성타워 ,대전광역시 유성구 유성대로668번길 81(구암동유성타워아파트),84,유성구
조선아파트 ,대전광역시 유성구 유성대로680번길 18(구암동조선아파트),82,유성구
자연아파트 ,대전광역시 유성구 궁동로 49(궁동자연아파트),199,유성구
한아름아파트 ,대전광역시 유성구 진잠로42번길 30(원내동신우한아름아파트),864,유성구
송강한마을아파트 ,대전광역시 유성구 구즉로 16(송강동한마을아파트),1206,유성구
열매마을 3단지 ,대전광역시 유성구 노은동로 219(지족동열매마을대우3단지),588,유성구
목련아파트 1단지,대전광역시 유성구 월드컵대로290번길 39(상대동목련1단지),255,유성구
목련아파트 2단지,대전광역시 유성구 월드컵대로290번길 20(상대동목련2단지),222,유성구
열매마을 7단지 ,대전광역시 유성구 은구비남로 55(지족동열매마을현대1차7단지),887,유성구
열매마을 6단지 ,대전광역시 유성구 노은동로 187(지족동열매마을현대2차6단지),582,유성구
열매마을 8단지 ,대전광역시 유성구 은구비남로 34(노은동열매마을계룡8단지),814,유성구
열매마을 5단지 ,대전광역시 유성구 은구비로 31(지족동열매마을운암5단지),500,유성구
열매마을 1단지 ,대전광역시 유성구 노은서로 222(지족동열매마을삼부1단지),522,유성구
열매마을 2단지 ,대전광역시 유성구 노은동로 233(지족동열매마을한라2단지),312,유성구
열매마을 4단지 ,대전광역시 유성구 노은서로210번길 32(지족동열매마을계룡현대4단지),1086,유성구
더포엠2 ,대전광역시 유성구 대덕대로 598(도룡동더포엠),24,유성구
드림월드 ,대전광역시 유성구 문화원로 13(장대동드림월드),603,유성구
월드컵패밀리타운 ,대전광역시 유성구 유성대로783번길 38(장대동월드컵패밀리타운),556,유성구
아름아파트 ,대전광역시 유성구 온천서로 35-24(장대동아름),70,유성구
열매마을 9단지 ,대전광역시 유성구 은구비남로 56(노은동열매마을9단지),648,유성구
평화이지 ,대전광역시 유성구 월드컵대로290번길 25(상대동이지아파트),119,유성구
열매마을 11단지 ,대전광역시 유성구 왕가봉로 23(노은동열매마을계룡리슈빌11단지),635,유성구
갤러리빌3 ,대전광역시 유성구 유성대로736번길 583동  (장대동갤러리빌),33,유성구
더포엠 ,대전광역시 유성구 대덕대로590번길 11-10(도룡동더포엠),42,유성구
타워코리아나 ,대전광역시 유성구 대덕대로 594(도룡동타워코리아나주상복합),42,유성구
베르디아망 ,대전광역시 유성구 한밭대로 144(노은동베르디아망),44,유성구
노블레스1 ,대전광역시 유성구 한밭대로 138(노은동노은노블레스),48,유성구
로얄밸리 ,대전광역시 유성구 대덕대로 596(도룡동로얄밸리),53,유성구
카운티스 연립 ,대전광역시 유성구 노은서로 124(노은동카운티스),112,유성구
드리움 1단지 ,대전광역시 유성구 대정로28번길 50(대정동대전드리움1단지),676,유성구
송림마을 2단지 ,대전광역시 유성구 송림로 20(하기동송림마을우미이노스빌1차2단지),477,유성구
예성그랑필리체 ,대전광역시 유성구 문화원로 77(봉명동그랑펠리체),65,유성구
반석마을 4단지 ,대전광역시 유성구 반석로 46(반석동반석마을주공4단지),605,유성구
위드리버 ,대전광역시 유성구 문화원로146번길 7-28(봉명동위드리버),66,유성구
반석마을 7단지 ,대전광역시 유성구 반석서로 109(반석동반석마을삼부르네상스1차7단지),834,유성구
경남아너스빌 1차 ,대전광역시 유성구 지족로364번길 91(지족동경남아너스빌1차아파트),80,유성구
노블레스 Ⅱ ,대전광역시 유성구 온천동로65번길 39(봉명동노블레스타워2차아파트),88,유성구
노블레스 Ⅲ ,대전광역시 유성구 문화원로 123(봉명동노블레스타워3차아파트),88,유성구
성원상떼빌 ,대전광역시 유성구 온천서로 36-19(장대동성원상떼빌),136,유성구
반석마을 1단지,대전광역시 유성구 지족로 317(지족동반석마을호반리젠시빌1단지),536,유성구
송림마을 1단지 ,대전광역시 유성구 송림로 13(하기동송림마을호반리젠시빌1단지),452,유성구
가나파로스빌Ⅱ ,대전광역시 유성구 노은로 151(지족동가나파로스빌2차아파트),91,유성구
반석마을 6단지 ,대전광역시 유성구 반석서로 98(반석동반석마을삼부르네상스2차6단지),642,유성구
송림마을 4단지 ,대전광역시 유성구 노은로 358(하기동송림마을주공4단지),861,유성구
송림마을 3단지 ,대전광역시 유성구 노은로 353(하기동송림마을우미이노스빌2차3단지),713,유성구
반석마을 5단지,대전광역시 유성구 반석동로 33(반석동반석마을금성백조예미지5단지),536,유성구
제이파크 ,대전광역시 유성구 진잠로149번길 24(교촌동제이파크),405,유성구
한일유엔아이 ,대전광역시 유성구 장대로 103(장대동한일유엔아이),111,유성구
인앤인주상복합 ,대전광역시 유성구 북유성대로 219(지족동인앤인주상복합),98,유성구
반석마을 2단지 ,대전광역시 유성구 지족로 343(지족동반석마을계룡리슈빌2단지),561,유성구
경남아너스빌2 ,대전광역시 유성구 은구비남로33번길 5(지족동경남아너스빌2차아파트),104,유성구
온천훼미리타운 ,대전광역시 유성구 온천서로 22-9(봉명동온천훼미리타운),110,유성구
반석마을 8단지 ,대전광역시 유성구 반석동로 82(반석동반석마을주공8단지),642,유성구
아이빌 ,대전광역시 유성구 유성대로730번길 78(장대동천용아이빌),131,유성구
투유1 ,대전광역시 유성구 온천북로 73(봉명동투유),132,유성구
열매마을 10단지 ,대전광역시 유성구 노은동로 111(노은동열매마을10단지),940,유성구
투유2 ,대전광역시 유성구 문화원로 131(봉명동투유),138,유성구
갤러리빌2 ,대전광역시 유성구 유성대로736번길 62(장대동갤러리빌),147,유성구
봉명시티빌 ,대전광역시 유성구 문화원로 119(봉명동봉명시티빌),160,유성구
대덕테크노밸리 4단지 ,대전광역시 유성구 배울1로 35(관평동대덕테크노밸리쌍용스윗닷홈4단지),498,유성구
대덕테크노밸리 1단지 ,대전광역시 유성구 배울2로 6(관평동대덕테크노밸리한화꿈에그린1단지),666,유성구
대덕테크노밸리 2단지 ,대전광역시 유성구 배울1로 13(관평동대덕테크노밸리대우푸르지오2단지),684,유성구
대덕테크노밸리 3단지 ,대전광역시 유성구 배울2로 24(관평동대덕테크노밸리중앙하이츠빌3단지),535,유성구
대덕테크노밸리 5단지 ,대전광역시 유성구 배울2로 42(관평동대덕테크노밸리신동아파밀리에5단지),922,유성구
대덕테크노밸리 6단지 ,대전광역시 유성구 배울2로 78(관평동대덕테크노밸리운암네오미아6단지),703,유성구
반석마을 3단지 ,대전광역시 유성구 지족로 362(지족동반석마을호반베르디움3단지),607,유성구
드리움 2단지 ,대전광역시 유성구 대정로28번안길 80(대정동대전드리움2단지),600,유성구
노블레스타워 ,대전광역시 유성구 대학로 34(봉명동노블레스타워1차아파트),168,유성구
CJ나인파크 주상복합 ,대전광역시 유성구 계룡로 92(봉명동유성시제이나인파크아파트),168,유성구
사이언스타운 주상복합 ,대전광역시 유성구 온천로 60(봉명동사이언스타운),180,유성구
송림마을 6단지 ,대전광역시 유성구 노은로426번길 15(하기동송림마을금실풍요로운6단지),201,유성구
송림마을 5단지 ,대전광역시 유성구 노은로 416(하기동송림마을E그린운5단지),613,유성구
한승 미메이드 ,대전광역시 유성구 진잠로149번길 30(교촌동미메이드아파트),737,유성구
sk허브 ,대전광역시 유성구 은구비남로 13(지족동SK허브),182,유성구
장대 푸르지오 ,대전광역시 유성구 장대로71번길 34(장대동장대푸르지오아파트),562,유성구
대덕테크노밸리 12단지 ,대전광역시 유성구 배울1로 119(용산동우림루미아트),464,유성구
대덕테크노밸리 7단지 ,대전광역시 유성구 관평1로 12(관평동금성백조예미지7단지),493,유성구
대덕테크노밸리 8단지 ,대전광역시 유성구 배울2로 3(관평동금성백조예미지8단지),426,유성구
미성샤르망 ,대전광역시 유성구 계룡로 64(봉명동미성샤르망),210,유성구
대덕테크노밸리 11단지 ,대전광역시 유성구 배울2로 114(용산동대덕테크노밸리11단지),324,유성구
노은스타돔 ,대전광역시 유성구 노은로 719호 (노은동노은스타돔),247,유성구
경남아너스빌 1단지 ,대전광역시 유성구 용산2로 30(용산동경남아너스빌1단지),159,유성구
경남아너스빌 2단지 ,대전광역시 유성구 배울2로 133(용산동경남아너스빌2단지),156,유성구
대덕테크노밸리 9단지 ,대전광역시 유성구 배울2로 19(관평동대덕테크노밸리9단지),357,유성구
대덕테크노밸리 10단지 ,대전광역시 유성구 배울2로 61(관평동대덕테크노밸리10단지),1001,유성구
대우푸르지오하임 1단지,대전광역시 유성구 배울2로 134(용산동대덕테크노밸리푸르지오하임1단지),150,유성구
대우푸르지오하임 2단지,대전광역시 유성구 배울1로 147(용산동대덕테크노밸리푸르지오하임2단지),152,유성구
가나파로스빌 ,대전광역시 유성구 은구비로 18(지족동가나파로스빌1차아파트),251,유성구
유성자이 ,대전광역시 유성구 계룡로 55(봉명동유성자이),350,유성구
봉산휴먼시아2단지 ,대전광역시 유성구 와룡로136번길 75(봉산동봉산휴먼시아2단지),853,유성구
봉산하늘바람휴먼시아 ,대전광역시 유성구 와룡로136번길 15(봉산동하늘바람휴먼시아),990,유성구
와이즈빌 ,대전광역시 유성구 대학로76번길 29(궁동와이즈빌),33,유성구
로덴하우스 ,대전광역시 유성구 대덕대로 617(도룡동로덴하우스),68,유성구
운암네오미아 ,대전광역시 유성구 덕명로 26(덕명동네오미아),544,유성구
하우스토리,대전광역시 유성구 덕명로 63(덕명동하우스토리네오미아),474,유성구
유성 캠퍼스타워-1 ,대전광역시 유성구 문화원로 106(봉명동유성캠퍼스타워),99,유성구
도안마을 1단지 ,대전광역시 유성구 도안대로 560(봉명동도안휴먼시아1단지),1668,유성구
도안마을 10단지 ,대전광역시 유성구 원신흥로 37(원신흥동도안휴먼시아10단지),1647,유성구
도안휴먼시아6단지 센트럴시티 ,대전광역시 유성구 봉명로 93(봉명동도안휴먼시아6단지),854,유성구
스마트시티(5단지)(스마트시티주상복합),대전광역시 유성구 엑스포로123번길 46-15(도룡동스마트시티),351,유성구
도안휴먼시아 4단지 ,대전광역시 유성구 상대로 40(상대동도안휴먼시아4단지),1216,유성구
스타빌 ,대전광역시 유성구 대학로81번길 32-15(궁동스타빌),54,유성구
하이랜드1차 ,대전광역시 유성구 문화원로 107(봉명동하이랜드),143,유성구
도시형주택 ,대전광역시 유성구 진잠로 162(원내동),28,유성구
드림하우스 ,대전광역시 유성구 온천북로33번길 36-30(봉명동드림하우스),28,유성구
한라비발디 ,대전광역시 유성구 상대로 17(상대동도안신도시한라비발디아파트),752,유성구
학하리슈빌(학의뜰) ,대전광역시 유성구 학하로 33(계산동계룡리슈빌),704,유성구
아트하우스 ,대전광역시 유성구 온천북로33번길 22-31(봉명동아트하우스),41,유성구
하이랜드2차 ,대전광역시 유성구 문화원로 109(봉명동하이랜드2차),149,유성구
오투그란데(미학) ,대전광역시 유성구 학하남로 10(계산동오투그란데미학),1000,유성구
어울림하트 ,대전광역시 유성구 동서대로 725(원신흥동어울림하트),1056,유성구
트리풀시티9단지 ,대전광역시 유성구 상대남로 26(상대동도안트리풀시티9단지),1828,유성구
레자미 ,대전광역시 유성구 대학로76번안길 32(궁동),100,유성구
리베라 아이누리4차 ,대전광역시 유성구 계룡로74번길 20(봉명동리베라아이누리),254,유성구
신영 미소랑 ,대전광역시 유성구 온천북로33번길 22-4(봉명동신영미소랑),112,유성구
비타민하우스 ,대전광역시 유성구 온천북로33번길 36-32(봉명동비타민하우스),28,유성구
세종타운 ,대전광역시 유성구 온천북로33번길 36-26(봉명동세종타운),42,유성구
벨포스토 ,대전광역시 유성구 유성대로694번길 6(구암동벨포스토1차),25,유성구
하이랜드3 ,대전광역시 유성구 문화원로 140(봉명동하이랜드),63,유성구
엘도라도 빌딩 ,대전광역시 유성구 온천북로33번길 22-33(봉명동엘도라도),42,유성구
노은4단지 ,대전광역시 유성구 지족로148번길 40(지족동노은4단지),624,유성구
더 클래식 ,대전광역시 유성구 테크노중앙로 130(용산동더클래식),51,유성구
신안인스빌리베라 ,대전광역시 유성구 봉명로 48(원신흥동인스빌리베라),540,유성구
봉명정한 드리미아 ,대전광역시 유성구 문화원로 80(봉명동드리미아),240,유성구
글램타워 ,대전광역시 유성구 온천북로33번길 36-20(봉명동글램타워),29,유성구
하늘빛하우스 ,대전광역시 유성구 온천북로33번길 22-14(봉명동하늘빛하우스),22,유성구
엔젤타운 ,대전광역시 유성구 온천북로33번길 21-15(봉명동엔젤타운),42,유성구
솔리안 ,대전광역시 유성구 대학로 53(봉명동솔리안),146,유성구
좋은하루3차 ,대전광역시 유성구 온천로107번길 15(봉명동좋은하루3차),140,유성구
레자미Ⅲ ,대전광역시 유성구 계룡로 84(봉명동레자미3차),299,유성구
스마트시티(2단지)(스마트시티주상복합),대전광역시 유성구 엑스포로123번길 65-38(도룡동스마트시티),357,유성구
에이스타운 ,대전광역시 유성구 온천북로33번길 36-12(봉명동에이스타운1차),29,유성구
리베라아이누리2도시형생활주택 ,대전광역시 유성구 온천로 26(봉명동리베라아이누리2차),293,유성구
스카이뷰 ,대전광역시 유성구 대학로 55-35(봉명동스카이뷰),112,유성구
씨티팰리스 ,대전광역시 유성구 지족로364번길 59(지족동시티팰리스),72,유성구
힐링타운 ,대전광역시 유성구 온천북로33번길 21-22(봉명동힐링타운),56,유성구
에코빌 ,대전광역시 유성구 온천북로33번길 22-12(봉명동에코빌1차),24,유성구
호반 베르디움 ,대전광역시 유성구 도안동로 523(봉명동베르디움),970,유성구
대전 노은4지구 한화 꿈에그린 2블록 ,대전광역시 유성구 지족북로 60(지족동한화꿈에그린2단지),998,유성구
대전 노은4지구 한화 꿈에그린 1블록 ,대전광역시 유성구 지족북로 33(지족동한화꿈에그린1단지),887,유성구
드림하우스 ,대전광역시 유성구 학하서로121번길 71-26(덕명동드림하우스),27,유성구
노은해랑숲마을5단지  ,대전광역시 유성구 지족로 240(지족동노은해랑숲마을5단지),518,유성구
노은해랑숲마을6단지 ,대전광역시 유성구 지족동로 123(지족동노은해랑숲마을6단지),342,유성구
한솔타운 ,대전광역시 유성구 온천북로33번길 21-28(봉명동한솔타운),28,유성구
금성백조 도안마을7 예미지 ,대전광역시 유성구 봉명로 94(봉명동금성백조예미지아파트),1102,유성구
이신팰리스 ,대전광역시 유성구 온천북로 51(봉명동이신팰리스),96,유성구
트리풀시티 도안신도시5블럭 ,대전광역시 유성구 상대로 16(상대동도안트리풀시티5단지),1220,유성구
가온하이츠빌 ,대전광역시 유성구 대덕대로590번길 12-13(도룡동가온하이츠빌),24,유성구
세움펠리피아 ,대전광역시 유성구 계룡로52번길 11(봉명동유성세움펠리피아주상복합아파트),298,유성구
유성푸르지오시티 ,대전광역시 유성구 온천로 45(봉명동유성푸르지오시티),299,유성구
펠릭스빌 ,대전광역시 유성구 온천북로33번길 22-23(봉명동펠릭스빌),20,유성구
더힐,대전광역시 유성구 은구비남로7번길 48-23(지족동더힐),21,유성구
벨포스토3 ,대전광역시 유성구 온천동로65번길 16(봉명동벨포스토3차),25,유성구
에코빌2차 ,대전광역시 유성구 온천북로33번길 22-24(봉명동에코빌2차),21,유성구
엘지화학 사원아파트 B ,대전광역시 유성구 가정로 299(도룡동엘지화학사택),76,유성구
대성리더스빌 ,대전광역시 유성구 은구비남로7번길 14-19(지족동대성리더스빌),20,유성구
케이타운 ,대전광역시 유성구 계룡로105번길 20(봉명동케이타운),299,유성구
엘에이치노은에코힐 ,대전광역시 유성구 지족로190번길 39(지족동엘에이치노은에코힐),356,유성구
수가 아파트 ,대전광역시 유성구 은구비남로33번길 47-28(지족동수가),44,유성구
스카이뷰로드 ,대전광역시 유성구 대학로 45(봉명동스카이뷰로드),198,유성구
에이스타운2 ,대전광역시 유성구 문화원로 118-1(봉명동에이스타운2차),54,유성구
노은리슈빌3 ,대전광역시 유성구 지족동로 122,502,유성구
더존하우스 ,대전광역시 유성구 진잠로141번길 2(교촌동도시형생활주택),24,유성구
죽동대우푸르지오 ,대전광역시 유성구 죽동로 251(죽동죽동푸르지오),638,유성구
엘에이치네이처뷰 ,대전광역시 유성구 지족로148번길 22(지족동엘에이치네이처뷰),687,유성구
노은3지구1단지 ,대전광역시 유성구 지족로190번길 15(지족동노은3지구1단지),600,유성구
노은새미래숲아파트,대전광역시 유성구 지족로190번길 16(지족동노은새미래숲2단지),655,유성구
모나빌 ,대전광역시 유성구 온천북로 41(봉명동모나빌1차),64,유성구
양우내안애아파트 ,대전광역시 유성구 도안동로 446(원신흥동양우내안애레이크힐),500,유성구
스톤빌 ,대전광역시 유성구 문화원로 133(봉명동스톤빌),54,유성구
나이스타운 ,대전광역시 유성구 온천북로33번길 36-8(봉명동나이스타운11차),28,유성구
스카이뷰리버,대전광역시 유성구 문화원로 111(봉명동스카이뷰리버),143,유성구
죽동천년나무아파트,대전광역시 유성구 죽동로 72(죽동죽동천년나무),492,유성구
죽동금성백조예미지아파트,대전광역시 유성구 죽동로 321(죽동죽동금성백조예미지),998,유성구
벨포스토4 ,대전광역시 유성구 온천북로33번길 21-9(봉명동벨포스토4차),35,유성구
도안천년나무11단지,대전광역시 유성구 봉명로 16(원신흥동엘에이치도안천년나무11단지),1460,유성구
에이스타운3 ,대전광역시 유성구 온천북로33번길 35-5(봉명동에이스타운3차),68,유성구
나이스팰리스 ,대전광역시 유성구 온천북로33번길 35-171동  (봉명동나이스팰리스),160,유성구
레자미 멀티홈 ,대전광역시 유성구 온천북로 7(봉명동),159,유성구
더그린,대전광역시 유성구 문화원로 141(봉명동더그린1차),96,유성구
나이스타운 12차 ,대전광역시 유성구 문화원로 113(봉명동나이스타운12차),84,유성구
죽동 대원칸타빌,대전광역시 유성구 죽동로 39(죽동죽동대원칸타빌),1132,유성구
문지 효성해링턴 플레이스,대전광역시 유성구 문지로 300(문지동),1142,유성구
노은3지구 영무예다음 에코타운,대전광역시 유성구 지족로 92(지족동영무예다음에코타운),615,유성구
봉명동 628-1,대전광역시 유성구 온천북로33번길 21-401동  (봉명동벨포스토5차),20,유성구
노은3지구 트리풀시티포레,대전광역시 유성구 지족로190번길 36(지족동트리풀시티포레아파트),439,유성구
모나빌 2,대전광역시 유성구 온천북로 33(봉명동모나빌2차),72,유성구
스카이뷰시티,대전광역시 유성구 온천북로13번길 21(봉명동스카이뷰시티),299,유성구
에이스타운 4차,대전광역시 유성구 문화원로146번길 2(봉명동에이스타운4차),162,유성구
풍천 2,대전광역시 유성구 대학로76번길 77-7(궁동풍천2차),20,유성구
오투그란데 리빙포레 아파트,대전광역시 유성구 학하중앙로 99(계산동오투그란데리빙포레아파트),778,유성구
엔터팰리스,대전광역시 유성구 대학로 39-14(봉명동엔터팰리스2차),130,유성구
SK VIEW,대전광역시 유성구 가정로 306-6(도룡동도룡에스케이뷰),383,유성구
대전봉산엘에이치3단지,대전광역시 유성구 와룡로136번길 97(봉산동대전봉산엘에이치3단지),578,유성구
앤터팰리스,대전광역시 유성구 대학로 39-10(봉명동엔터팰리스1차),299,유성구
스카이뷰리브,대전광역시 유성구 도안대로549번길 60(구암동스카이뷰리브),99,유성구
유성숲 오투그란데 3차,대전광역시 유성구 학하중앙로 60(덕명동유성숲오투그란데3차),662,유성구
라온팰리스,대전광역시 유성구 문화원로 117(봉명동라온팰리스),80,유성구
더그린2차,대전광역시 유성구 계룡로74번길 12(봉명동),106,유성구
도안LH행복2단지,대전광역시 유성구 원신흥남로27번길 68(원신흥동대전도안엘에이치행복2단지),238,유성구
다온스테,대전광역시 유성구 온천북로33번길 22-20(봉명동다온스테이),28,유성구
스타빌플러스,대전광역시 유성구 대덕대로 524(도룡동스타빌플러스),150,유성구
해나래,대전광역시 유성구 온천로107번길 19(봉명동해나래),144,유성구
레자미리버뷰,대전광역시 유성구 문화원로146번길 7-21(봉명동레자미리버뷰시티),131,유성구
모나빌 3,대전광역시 유성구 문화원로146번길 8-216호 (봉명동모나빌3차),112,유성구
반석더샵,대전광역시 유성구 반석로 80(반석동반석더샵),650,유성구
휴안팰리스,대전광역시 유성구 유성대로710번길 70(봉명동휴안팰리스),83,유성구
도룡포레미소지움,대전광역시 유성구 대덕대로541번길 99(가정동도룡포레미소지움),232,유성구
대전아이파크시티 1단지,대전광역시 유성구 상대복용로29번길 52(상대동대전아이파크시티1단지),1254,유성구
대전아이파크시티 2단지,대전광역시 유성구 상대복용로29번길 51(상대동대전아이파크시티2단지),1306,유성구
리버스토리,대전광역시 유성구 대학로76번길 65(궁동리버스토리),76,유성구
도안LH행복3단지,대전광역시 유성구 동서대로656번길 86(용계동대전도안행복주택),360,유성구
대광로제비앙,대전광역시 유성구 와룡로 206(봉산동),816,유성구
레자미탐앤탐,대전광역시 유성구 문화원로 94(봉명동레자미탐앤탐),156,유성구
시티팰리스,대전광역시 유성구 궁동로 71101동  (궁동시티팰리스9차),146,유성구
학하리슈빌포레,대전광역시 유성구 학하남로90번길 76(학하동학하리슈빌포레),634,유성구
서한이다음1단지,대전광역시 유성구 과학성장로 77(둔곡동서한이다음1단지),816,유성구
서한이다음2단지,대전광역시 유성구 과학성장로 33(둔곡동서한이다음2단지),685,유성구
둔곡우미린,대전광역시 유성구 과학성장로 80(둔곡동우미린),760,유성구
호반써밋그랜드파크 1BL,대전광역시 유성구 용성로 20(용산동호반써밋그랜드파크1단지),1059,유성구
호반써밋그랜드파크 3BL,대전광역시 유성구 용산1로 83(용산동호반써밋그랜드파크3단지),688,유성구
빌라드 크레타,대전광역시 유성구 대덕대로 614(도룡동빌라드크레다),8,유성구
에코시티빌,대전광역시 유성구 대학로 47-15(봉명동에코시티빌),70,유성구
갑천1 트리플시티 힐스테이트,대전광역시 유성구 도안동로 422(원신흥동갑천1트리풀시티힐스테이트),1116,유성구
크레타하임,대전광역시 유성구 대덕대로590번길 17(도룡동크레타하임),10,유성구
원플러스(One Plus),대전광역시 유성구 문화원로 145(봉명동원플러스),65,유성구
구암다가온,대전광역시 유성구 복합환승로 12(구암동구암다가온),425,유성구
호반써밋그랜드파크 2BL,대전광역시 유성구 용성로 21(용산동호반써밋그랜드파크2단지),1246,유성구
호반써밋그랜드파크 4BL,대전광역시 유성구 용산1로 99(용산동호반써밋그랜드파크4BL),545,유성구
갑천2 트리풀시티 엘리프,대전광역시 유성구 원신흥로 122-12(원신흥동),1452,유성구
금강아파트,대전광역시 대덕구 대전로 1247(대화동),90,대덕구
신진연립,대전광역시 대덕구 신탄진동로35번길 63(신탄진동),31,대덕구
대화아파트,대전광역시 대덕구 대화로 53(대화동),50,대덕구
흥일아파트,대전광역시 대덕구 송촌남로 50(송촌동),40,대덕구
세림연립,대전광역시 대덕구 덕암북로96번길 22-14(덕암동),28,대덕구
신생연립,대전광역시 대덕구 대덕대로1601번길 15(석봉동),30,대덕구
한국담배인삼공사(사옥아파트),대전광역시 대덕구 평촌1길 35(평촌동),96,대덕구
정림APT,대전광역시 대덕구 덕암로148번안길 95(평촌동),36,대덕구
대청아파트,대전광역시 대덕구 신탄진동로48번길 17(신탄진동),48,대덕구
태평A.P.T,대전광역시 대덕구 신탄진로844번길 19-5(신탄진동),27,대덕구
회덕아파트,대전광역시 대덕구 대전로1375번길 27-1(읍내동),40,대덕구
중앙연립,대전광역시 대덕구 신탄진동로23번길 31(신탄진동),40,대덕구
무궁화아파트(A동),대전광역시 대덕구 동심1길 59(대화동),42,대덕구
금성백조연립,대전광역시 대덕구 동심8길 2(대화동),27,대덕구
신대화아파트,대전광역시 대덕구 대전로 1255(대화동),55,대덕구
신회덕아파트,대전광역시 대덕구 대전로1375번길 27(읍내동),48,대덕구
가양파크,대전광역시 대덕구 비래동로39번길 22(비래동),24,대덕구
전원연립,대전광역시 대덕구 비래동로15번길 47(비래동),24,대덕구
신탄진연립(신탄주택),대전광역시 대덕구 덕암북로96번길 1(덕암동),24,대덕구
석봉연립,대전광역시 대덕구 신탄진동로36번길 25(신탄진동),36,대덕구
새일연립(새일주택),대전광역시 대덕구 덕암로222번길 15-16(덕암동),24,대덕구
"대신연립(가,나,다동), 신일연립(1,2동)",대전광역시 대덕구 신탄진남로 15(신탄진동),50,대덕구
대운주택,대전광역시 대덕구 비래동로32번길 7(비래동),24,대덕구
혜강연립,대전광역시 대덕구 아리랑로113번안길 20(읍내동),50,대덕구
홍도연립,대전광역시 대덕구 대전로987번길 82(오정동),34,대덕구
전원주택,대전광역시 대덕구 대화12길 14(대화동),30,대덕구
금성백조아파트,대전광역시 대덕구 대화로 19(대화동),160,대덕구
중앙연립(중앙주택),대전광역시 대덕구 덕암로265번길 119(덕암동),51,대덕구
성은맨션아파트,대전광역시 대덕구 비래동로16번길 17(비래동),50,대덕구
덕암연립상가,대전광역시 대덕구 덕암로188번길 6(평촌동),46,대덕구
삼창아파트,대전광역시 대덕구 대덕대로1524번길 37(목상동),40,대덕구
금호(아),대전광역시 대덕구 덕암북로 86(덕암동),20,대덕구
안전연립(안전로얄아파트),대전광역시 대덕구 홍도로135번길 121(중리동),65,대덕구
금성백조(1차),대전광역시 대덕구 우암로412번길 45(비래동),100,대덕구
대화장미아파트,대전광역시 대덕구 동심5길 16(대화동),159,대덕구
오광아파트,대전광역시 대덕구 생산5길 22(대화동),104,대덕구
비래동현대아파트,대전광역시 대덕구 우암로 394(비래동),370,대덕구
덕성맨션,대전광역시 대덕구 송촌로 11(송촌동),32,대덕구
현대아파트,대전광역시 대덕구 대덕대로1524번길 27(목상동),90,대덕구
정남아파트,대전광역시 대덕구 비래동로32번길 52(비래동),40,대덕구
평화(A),대전광역시 대덕구 비래동로31번길 53(비래동),40,대덕구
주공아파트,대전광역시 대덕구 신탄진로 217(신대동),540,대덕구
임광하이츠,대전광역시 대덕구 홍도로135번길 35(중리동),59,대덕구
주공아파트(2단지),대전광역시 대덕구 계족로663번길 29(법동),1220,대덕구
삼정하이츠타운,대전광역시 대덕구 계족로663번길 30(법동),468,대덕구
주공아파트,대전광역시 대덕구 신탄진로 170(연축동),670,대덕구
세원풍남아파트,대전광역시 대덕구 대화11길 11(대화동),270,대덕구
금성백조(아),대전광역시 대덕구 덕암로173번길 8(덕암동),80,대덕구
임광아파트,대전광역시 대덕구 비래동로31번길 30(비래동),55,대덕구
보령아파트,대전광역시 대덕구 동춘당로23번길 22(송촌동),99,대덕구
덕수주택,대전광역시 대덕구 덕암북로 97(석봉동),25,대덕구
영진로얄아파트,대전광역시 대덕구 중리서로 31(중리동),750,대덕구
삼호아파트,대전광역시 대덕구 계족로663번길 32(법동),480,대덕구
유원아파트,대전광역시 대덕구 계족로663번길 23(법동),400,대덕구
삼호맨션,대전광역시 대덕구 비래서로 42(비래동),220,대덕구
옥수아파트,대전광역시 대덕구 신탄진동로23번길 44(신탄진동),50,대덕구
대원아파트,대전광역시 대덕구 신탄진로681번길 11(평촌동),45,대덕구
한라아파트(한라맨션),대전광역시 대덕구 신탄진로 649(평촌동),30,대덕구
대한아파트,대전광역시 대덕구 한남로155번길 30(오정동),24,대덕구
원창아파트,대전광역시 대덕구 덕암북로10번길 23(덕암동),40,대덕구
대일아파트,대전광역시 대덕구 신탄진로210번길 91(와동),30,대덕구
고려아파트,대전광역시 대덕구 신탄진북로35번길 27(신탄진동),60,대덕구
신일아파트,대전광역시 대덕구 계족로505번길 77(중리동),30,대덕구
서우아파트,대전광역시 대덕구 석봉로30번안길 57(석봉동),230,대덕구
소라아파트,대전광역시 대덕구 동심1길 103(대화동),269,대덕구
신동아아파트,대전광역시 대덕구 한밭대로1033번길 15(오정동),594,대덕구
주공아파트(3단지),대전광역시 대덕구 계족로663번길 34(법동),1488,대덕구
영진법동로얄맨션,대전광역시 대덕구 아리랑로 211(법동),600,대덕구
대림주택,대전광역시 대덕구 덕암로203번길 39(덕암동),20,대덕구
금성백조아파트(2차),대전광역시 대덕구 비래동로 44(비래동)대전광역시 대덕구 우암로 463(비래동)대전광역시 대덕구 우암동로 2(비래동),324,대덕구
근로복지아파트(사택),대전광역시 대덕구 중리동로55번길 20(중리동),42,대덕구
신원파크빌라,대전광역시 대덕구 덕암로181번길 45(덕암동),26,대덕구
흥진로얄아파트,대전광역시 대덕구 비래서로25번길 37(비래동),48,대덕구
원창아파트,대전광역시 대덕구 덕암북로10번길 31(덕암동),60,대덕구
삼보연립,대전광역시 대덕구 덕암북로22번길 145(덕암동),51,대덕구
삼호아파트,대전광역시 대덕구 덕암북로10번길 130(덕암동),36,대덕구
광진빌라,대전광역시 대덕구 덕암북로72번길 90(덕암동),48,대덕구
영진로얄맨션,대전광역시 대덕구 대전로1020번길 86(오정동),120,대덕구
현대아파트,대전광역시 대덕구 계족로761번길 24(읍내동),1344,대덕구
한라아파트,대전광역시 대덕구 덕암로148번안길 26(상서동),44,대덕구
서오아파트,대전광역시 대덕구 동춘당로23번길 13(송촌동),320,대덕구
삼화주택(&대림주택),대전광역시 대덕구 덕암로187번길 1(덕암동),40,대덕구
동부맨션아파트,대전광역시 대덕구 동서대로1748번길 45(비래동),63,대덕구
신일빌라,대전광역시 대덕구 홍도로119번길 10(중리동),20,대덕구
금성백조아파트(3차),대전광역시 대덕구 비래동로31번길 50(비래동),89,대덕구
유락아파트,대전광역시 대덕구 석봉로44번길 13(석봉동),128,대덕구
거성아파트(나동),대전광역시 대덕구 신탄진로778번길 12(신탄진동),20,대덕구
거성아파트(가동),대전광역시 대덕구 신탄진로778번길 16(신탄진동),20,대덕구
흥진아파트,대전광역시 대덕구 신탄진남로 26(신탄진동),96,대덕구
홍림아파트,대전광역시 대덕구 신탄진로772번길 11(신탄진동),20,대덕구
한마음아파트,대전광역시 대덕구 계족로664번길 27(법동),1768,대덕구
삼익소월아파트,대전광역시 대덕구 동춘당로 160(법동),810,대덕구
다사랑아파트,대전광역시 대덕구 대덕대로1470번길 55(목상동),900,대덕구
영진상록아파트,대전광역시 대덕구 계족로521번길 79(중리동),104,대덕구
그린타운아파트,대전광역시 대덕구 동춘당로 151(법동),1050,대덕구
평화아파트,대전광역시 대덕구 우암동로17번길 26(비래동),49,대덕구
현대아파트,대전광역시 대덕구 신탄진로218번길 62(와동),656,대덕구
새여울(대우)아파트,대전광역시 대덕구 대청로64번길 41(신탄진동),300,대덕구
둥지아파트,대전광역시 대덕구 신상로 21(비래동),425,대덕구
새여울아파트(라이프),대전광역시 대덕구 대청로64번길 11(신탄진동),308,대덕구
보람아파트,대전광역시 대덕구 동춘당로 178(법동),1735,대덕구
두일아파트,대전광역시 대덕구 석봉로30번길 32(석봉동),49,대덕구
한밭아파트,대전광역시 대덕구 석봉로58번안길 82(석봉동),302,대덕구
로얄아파트,대전광역시 대덕구 동춘당로23번길 4(송촌동),87,대덕구
무궁화아파트,대전광역시 대덕구 덕암로154번길 6(상서동),49,대덕구
새여울(한신)아파트(301~305동),대전광역시 대덕구 대청로64번길 63(신탄진동),299,대덕구
한남아파트,대전광역시 대덕구 대전로1020번길 85(오정동),200,대덕구
한라아파트,대전광역시 대덕구 대덕대로1448번길 80(신일동),150,대덕구
참솔아파트,대전광역시 대덕구 동춘당로23번길 65(송촌동),40,대덕구
백송아파트,대전광역시 대덕구 대전로1397번길 79(읍내동),297,대덕구
반석아파트,대전광역시 대덕구 덕암로154번길 16(상서동),150,대덕구
무궁화아파트(S-307),대전광역시 대덕구 장동로 283-22(장동),60,대덕구
덕암아파트,대전광역시 대덕구 덕암로265번길 81(덕암동),250,대덕구
상록수아파트,대전광역시 대덕구 대덕대로1470번길 27(목상동),456,대덕구
양지마을아파트,대전광역시 대덕구 대전로1185번길 30(오정동),548,대덕구
선비마을아파트2단지,대전광역시 대덕구 동춘당로114번길 47(송촌동),1146,대덕구
선비마을5단지,대전광역시 대덕구 계족산로 136(송촌동),1555,대덕구
선비마을4단지,대전광역시 대덕구 계족산로 135(송촌동),1428,대덕구
선비마을아파트(1단지),대전광역시 대덕구 계족로690번길 21(법동),1140,대덕구
선비마을3단지,대전광역시 대덕구 동춘당로114번길 60(송촌동),1872,대덕구
덕암마을아파트,대전광역시 대덕구 덕암로234번길 15(덕암동),292,대덕구
두레아파트,대전광역시 대덕구 대화1길 77(대화동),423,대덕구
미래아파트,대전광역시 대덕구 우암동로18번길 30(비래동),172,대덕구
골든리버,대전광역시 대덕구 신탄진로810번길 20(신탄진동),191,대덕구
리치빌아파트,대전광역시 대덕구 비래동로32번길 45(비래동),53,대덕구
유앤미 아파트,대전광역시 대덕구 우암동로15번길 30(비래동),58,대덕구
아이조움아파트,대전광역시 대덕구 비래서로61번길 71(비래동),82,대덕구
비래휴플러스,대전광역시 대덕구 비래서로10번길 21(비래동),646,대덕구
해맞이아파트,대전광역시 대덕구 신탄진로232번길 10(와동),34,대덕구
평화로운아파트,대전광역시 대덕구 한밭대로1003번길 25(오정동),201,대덕구
리치빌아파트,대전광역시 대덕구 덕암로234번길 23(덕암동),118,대덕구
행복한 마을 아파트,대전광역시 대덕구 덕암로 200(평촌동),589,대덕구
평화로운아파트,대전광역시 대덕구 대덕대로1520번길 77(목상동),199,대덕구
금강엑슬루타워,대전광역시 대덕구 대덕대로 1555(석봉동),2312,대덕구
행복한집,대전광역시 대덕구 비래동로39번길 43(비래동),28,대덕구
모아빌 A동,대전광역시 대덕구 덕암로 145(덕암동),20,대덕구
시그마빌,대전광역시 대덕구 송촌로 34(송촌동),20,대덕구
송촌대호하이츠,대전광역시 대덕구 송촌로37번길 13(송촌동),24,대덕구
세종빌라,대전광역시 대덕구 우암로492번길 64(비래동),20,대덕구
두레마을아파트 201동,대전광역시 대덕구 대덕대로1486번길 65(목상동),49,대덕구
두레마을아파트,대전광역시 대덕구 대덕대로1520번길 55(목상동),49,대덕구
평원아파트,대전광역시 대덕구 동춘당로15번길 54(송촌동),52,대덕구
브리스빌,대전광역시 대덕구 동서대로1778번길 20(비래동),22,대덕구
세진시티빌,대전광역시 대덕구 덕암북로10번길 20(덕암동),29,대덕구
드림팰리스아파트(4차),대전광역시 대덕구 비래서로10번길 86(비래동),28,대덕구
금강로하스 엘크루아파트,대전광역시 대덕구 대덕대로 1587(석봉동),765,대덕구
브리스빌,대전광역시 대덕구 신탄진동로 68(신탄진동),24,대덕구
나이스팰리스아파트,대전광역시 대덕구 대전로1032번길 13-13(오정동),98,대덕구
트윈스아파트,대전광역시 대덕구 신탄진로796번길 51(신탄진동),30,대덕구
에코빌,대전광역시 대덕구 덕암로221번길 24(덕암동),29,대덕구
대호해맑음오피스텔,대전광역시 대덕구 신탄진로834번길 15(신탄진동),28,대덕구
담소루,대전광역시 대덕구 신탄진로810번길 60(신탄진동),21,대덕구
이노센스뷰,대전광역시 대덕구 석봉로 31(석봉동),28,대덕구
그레이스K,대전광역시 대덕구 한밭대로 1140(중리동),66,대덕구
금강센트럴파크 서희스타힐스,대전광역시 대덕구 대덕대로1585번길 44(석봉동),835,대덕구
e편한세상 대전법동,대전광역시 대덕구 중리북로 46(법동),1503,대덕구
대전상서 LH 행복주택,대전광역시 대덕구 새말3길 41(상서동),296,대덕구
대전 동일스위트 리버스카이 1단지,대전광역시 대덕구 대청로 43(신탄진동),1757,대덕구
세울더레스트,대전광역시 대덕구 대덕대로1605번길 26-20(석봉동),28,대덕구
세울더레스트2차아파트,대전광역시 대덕구 석봉북로12번길 19(석봉동),61,대덕구
트윈스 아파트 12차,대전광역시 대덕구 신탄진로796번길 32(신탄진동),24,대덕구
그레이스K8,대전광역시 대덕구 덕암북로60번길 21(덕암동),40,대덕구
대전 동일스위트 리버스카이 2단지,대전광역시 대덕구 대청로 53(신탄진동),655,대덕구
대덕브라운스톤,대전광역시 대덕구 신탄진로210번길 91(와동),910,대덕구
신탄진다가온 청년주택,대전광역시 대덕구 대청로 5(신탄진동),237,대덕구
엘리프 송촌 더 파크,대전광역시 대덕구 계족산로 52번길 50(송촌동),799,대덕구
