행정기관코드,구,행정동,총 인구수,공동주택수,공동주택세대수,우체국수,인구_norm,세대수_norm,우체국_norm,입지점수,cluster,군집명
3020061000,유성구,원신흥동,30613,8.0,8009.0,0.0,0.6318750692213977,0.9800538423886442,0.0,0.6447715646440169,2,최우선 후보군
3020052700,유성구,상대동,25011,9.0,8172.0,0.0,0.5077860228153727,1.0,0.0,0.6031144091261491,2,최우선 후보군
3023054300,대덕구,송촌동,26885,14.0,7514.0,1.0,0.5492967105991804,0.9194811551639748,0.3333333333333333,0.5208444796385954,2,최우선 후보군
3017059300,서구,도안동,36459,5.0,6995.0,2.0,0.7613689223612803,0.8559716103768968,0.6666666666666666,0.5136028797619376,2,최우선 후보군
3020057000,유성구,전민동,25318,4.0,6504.0,1.0,0.5145863329272344,0.7958883994126286,0.3333333333333333,0.4575232262692785,2,최우선 후보군
3011056000,동구,용운동,20851,8.0,5805.0,0.0,0.4156384981725551,0.710352422907489,0.0,0.4503963684320177,5,관찰 후보군
3017059700,서구,관저2동,47232,0.0,0.0,0.0,1.0000000000000002,0.0,0.0,0.4000000000000001,4,유망 후보군
3023056000,대덕구,석봉동,15700,12.0,4793.0,0.0,0.3015394838852586,0.5865149290259423,0.0,0.3552217651644803,5,관찰 후보군
3020054000,유성구,온천2동,40733,0.0,0.0,0.0,0.8560416435928675,0.0,0.0,0.342416657437147,4,유망 후보군
3011064000,동구,용전동,19473,12.0,3437.0,0.0,0.3851146306346218,0.4205824767498776,0.0,0.3222788429537998,5,관찰 후보군
3020054800,유성구,노은3동,35656,0.0,0.0,0.0,0.7435817920035441,0.0,0.0,0.2974327168014176,4,유망 후보군
3011053000,동구,효동,29264,1.0,1056.0,0.0,0.6019935762542917,0.1292217327459618,0.0,0.2924861236001014,4,유망 후보군
3017064000,서구,둔산2동,33994,0.0,0.0,0.0,0.7067670838409569,0.0,0.0,0.2827068335363827,4,유망 후보군
3011058500,동구,대동,13347,8.0,3516.0,0.0,0.2494185402591649,0.4302496328928047,0.0,0.2718672692607878,5,관찰 후보군
3023055000,대덕구,신탄진동,15988,24.0,4372.0,1.0,0.3079189278989921,0.5349975526186981,0.3333333333333333,0.2704999255404094,5,관찰 후보군
3020058000,유성구,구즉동,32593,0.0,0.0,0.0,0.6757337468158157,0.0,0.0,0.2702934987263263,4,유망 후보군
3023053300,대덕구,비래동,14356,25.0,3054.0,0.0,0.2717687451545022,0.3737151248164464,0.0,0.2581935479883794,5,관찰 후보군
3020055000,유성구,신성동,25250,3.0,2374.0,1.0,0.5130800753128807,0.2905041605482134,0.3333333333333333,0.254767027677771,3,기타 군집
3017055500,서구,탄방동,30735,0.0,0.0,0.0,0.6345774725883265,0.0,0.0,0.2538309890353306,4,유망 후보군
3017051000,서구,복수동,20976,4.0,1757.0,0.0,0.4184073540812936,0.215002447381302,0.0,0.2533639205850383,1,낮은 우선순위
3011069500,동구,삼성동,12957,11.0,2658.0,0.0,0.2407797098239007,0.3252569750367107,0.0,0.2264146739442446,5,관찰 후보군
3020053000,유성구,온천1동,26552,0.0,0.0,0.0,0.541920478458301,0.0,0.0,0.2167681913833204,1,낮은 우선순위
3011066500,동구,성남동,10363,6.0,2686.0,0.0,0.1833204120057592,0.3286833088595203,0.0,0.2048014883461118,5,관찰 후보군
3020052000,유성구,진잠동,24930,0.0,0.0,0.0,0.5059918041865101,0.0,0.0,0.202396721674604,1,낮은 우선순위
3014074000,중구,산성동,24360,0.0,0.0,0.0,0.4933658212426625,0.0,0.0,0.197346328497065,1,낮은 우선순위
3014053500,중구,은행선화동,23966,0.0,0.0,0.0,0.4846383874183188,0.0,0.0,0.1938553549673275,1,낮은 우선순위
3011067000,동구,홍도동,10791,10.0,2278.0,0.0,0.1928009746372798,0.2787567302985805,0.0,0.1886230819743442,5,관찰 후보군
3014069000,중구,태평2동,23365,0.0,0.0,0.0,0.471325728209104,0.0,0.0,0.1885302912836416,1,낮은 우선순위
3020054700,유성구,노은2동,23122,0.0,0.0,0.0,0.4659430723225163,0.0,0.0,0.1863772289290065,1,낮은 우선순위
3020052600,유성구,학하동,19496,1.0,634.0,0.0,0.3856241001218297,0.0775819872736172,0.0,0.1852824349581787,1,낮은 우선순위
3017058200,서구,갈마2동,22894,0.0,0.0,0.0,0.4608926791449774,0.0,0.0,0.1843570716579909,1,낮은 우선순위
3017057500,서구,내동,21540,0.0,0.0,0.0,0.4309004319415218,0.0,0.0,0.1723601727766087,1,낮은 우선순위
3011074000,동구,산내동,21004,0.0,0.0,0.0,0.419027577804851,0.0,0.0,0.1676110311219404,1,낮은 우선순위
3020054600,유성구,노은1동,20619,0.0,0.0,0.0,0.4104995016059364,0.0,0.0,0.1641998006423746,1,낮은 우선순위
3017058100,서구,갈마1동,20541,0.0,0.0,0.0,0.4087717355188836,0.0,0.0,0.1635086942075534,1,낮은 우선순위
3014072000,중구,문화1동,20119,0.0,0.0,0.0,0.3994240779709824,0.0,0.0,0.159769631188393,1,낮은 우선순위
3017058800,서구,월평3동,19771,0.0,0.0,0.0,0.3917155831210544,0.0,0.0,0.1566862332484218,1,낮은 우선순위
3017053000,서구,도마2동,19285,0.0,0.0,0.0,0.3809502713478791,0.0,0.0,0.1523801085391516,1,낮은 우선순위
3017066000,서구,둔산3동,18513,0.0,0.0,0.0,0.3638498172555101,0.0,0.0,0.145539926902204,1,낮은 우선순위
3017052000,서구,도마1동,17901,0.0,0.0,0.0,0.3502934987263263,0.0,0.0,0.1401173994905305,1,낮은 우선순위
3011063000,동구,가양2동,17893,0.0,0.0,0.0,0.350116291948167,0.0,0.0,0.1400465167792668,1,낮은 우선순위
3023054600,대덕구,중리동,17523,8.0,1136.0,1.0,0.3419204784583011,0.1390112579539892,0.3333333333333333,0.1257060278982494,3,기타 군집
3017063000,서구,둔산1동,16028,0.0,0.0,0.0,0.3088049617897885,0.0,0.0,0.1235219847159154,1,낮은 우선순위
3023058000,대덕구,목상동,5817,7.0,1783.0,0.0,0.0826226603167571,0.2181840430739109,0.0,0.1203226813562672,0,보완 검토군
3011059000,동구,자양동,10641,5.0,897.0,0.0,0.1894783475467936,0.1097650513950073,0.0,0.1196973595767204,0,보완 검토군
3014056000,중구,중촌동,14884,0.0,0.0,0.0,0.2834643925130136,0.0,0.0,0.1133857570052054,0,보완 검토군
3011054500,동구,신인동,14713,0.0,0.0,0.0,0.2796765976298593,0.0,0.0,0.1118706390519437,0,보완 검토군
3023061000,대덕구,법2동,14433,0.0,0.0,0.0,0.2734743603942851,0.0,0.0,0.109389744157714,0,보완 검토군
3017059600,서구,관저1동,14359,0.0,0.0,0.0,0.2718351976963119,0.0,0.0,0.1087340790785247,0,보완 검토군
3014062000,중구,석교동,13632,0.0,0.0,0.0,0.2557315317310887,0.0,0.0,0.1022926126924355,0,보완 검토군
3017058700,서구,월평2동,13209,0.0,0.0,0.0,0.2463617233359176,0.0,0.0,0.098544689334367,0,보완 검토군
3011062000,동구,가양1동,12664,0.0,0.0,0.0,0.2342895115738177,0.0,0.0,0.093715804629527,0,보완 검토군
3014071000,중구,유천2동,12440,0.0,0.0,0.0,0.2293277217853583,0.0,0.0,0.0917310887141433,0,보완 검토군
3023052500,대덕구,회덕동,12103,0.0,0.0,0.0,0.2218628862553992,0.0,0.0,0.0887451545021597,0,보완 검토군
3023057000,대덕구,덕암동,12296,21.0,1326.0,1.0,0.2261379997784915,0.1622613803230543,0.3333333333333333,0.0886930853739517,3,기타 군집
3014068000,중구,태평1동,12058,0.0,0.0,0.0,0.2208660981282534,0.0,0.0,0.0883464392513013,0,보완 검토군
3011055100,동구,판암1동,11650,0.0,0.0,0.0,0.2118285524421309,0.0,0.0,0.0847314209768523,0,보완 검토군
3017055000,서구,용문동,18906,0.0,0.0,1.0,0.3725551002325839,0.0,0.3333333333333333,0.0823553734263669,3,기타 군집
3014073000,중구,문화2동,11002,0.0,0.0,0.0,0.1974748034112304,0.0,0.0,0.0789899213644921,0,보완 검토군
3017058600,서구,월평1동,10928,0.0,0.0,0.0,0.1958356407132573,0.0,0.0,0.0783342562853029,0,보완 검토군
3017056000,서구,괴정동,17920,0.0,0.0,1.0,0.3507143648244545,0.0,0.3333333333333333,0.0736190792631151,3,기타 군집
3017057000,서구,가장동,10375,0.0,0.0,0.0,0.1835862221729981,0.0,0.0,0.0734344888691992,0,보완 검토군
3017059000,서구,가수원동,9890,0.0,0.0,0.0,0.1728430612470927,0.0,0.0,0.069137224498837,0,보완 검토군
3014055000,중구,목동,17354,0.0,0.0,1.0,0.3381769852696866,0.0,0.3333333333333333,0.0686041274412079,3,기타 군집
3011055200,동구,판암2동,7647,0.0,0.0,0.0,0.1231587108206888,0.0,0.0,0.0492634843282755,0,보완 검토군
3023052000,대덕구,대화동,5210,12.0,1679.0,1.0,0.0691770960239229,0.2054576603034753,0.3333333333333333,0.0431872358642926,3,기타 군집
3014063000,중구,대사동,5110,0.0,0.0,0.0,0.0669620112969321,0.0,0.0,0.0267848045187728,0,보완 검토군
3017054000,서구,변동,12229,1.0,46.0,1.0,0.2246538930114076,0.0056289769946157,0.3333333333333333,0.0254464813357427,3,기타 군집
3014057500,중구,대흥동,12124,0.0,0.0,1.0,0.2223280540480673,0.0,0.3333333333333333,0.0222645549525602,3,기타 군집
3017065000,서구,만년동,11839,0.0,0.0,1.0,0.2160150625761435,0.0,0.3333333333333333,0.0197393583637907,3,기타 군집
3011051500,동구,중앙동,3319,0.0,0.0,0.0,0.0272898438365267,0.0,0.0,0.0109159375346107,0,보완 검토군
3014067000,중구,오류동,9761,0.0,0.0,1.0,0.1699856019492745,0.0,0.3333333333333333,0.0013275741130431,3,기타 군집
3014065500,중구,용두동,9751,0.0,0.0,1.0,0.1697640934765754,0.0,0.3333333333333333,0.0012389707239635,3,기타 군집
3011072500,동구,대청동,2087,0.0,0.0,0.0,0.0,0.0,0.0,0.0,0,보완 검토군
3023051000,대덕구,오정동,13154,8.0,1819.0,3.0,0.2451434267360726,0.2225893294175232,1.0,-0.0129068975385616,3,기타 군집
3017053500,서구,정림동,14575,1.0,97.0,2.0,0.2766197807066121,0.0118697993147332,0.6666666666666666,-0.0179375013247952,3,기타 군집
3014064000,중구,부사동,5859,0.0,0.0,1.0,0.0835529959020932,0.0,0.3333333333333333,-0.0332454683058293,3,기타 군집
3014060500,중구,문창동,4107,0.0,0.0,1.0,0.0447447114852143,0.0,0.3333333333333333,-0.0487687820725809,3,기타 군집
